label,id,address,address_eip55
user-0001,0001,0xf08c795d5420c3892f0df81343bb65b5b680083c,0xf08C795D5420C3892f0Df81343Bb65B5b680083C
user-0002,0002,0xcc4f296c95ec2caa73e4b4fe9b69c45be17b8839,0xcC4F296C95Ec2CAA73E4b4fe9B69C45bE17b8839
user-0003,0003,0x56f014514e58750809f43bd42c731222e32e202d,0x56F014514e58750809f43bD42c731222e32e202d
user-0004,0004,0xdd3006f0e78782f2fce2dcc55618e414bd3043d8,0xdD3006F0e78782f2fCE2DCC55618E414bD3043d8
user-0005,0005,0x6548d2302ceb6303c3ddefe6bf4823ad49128692,0x6548d2302Ceb6303C3dDeFe6BF4823ad49128692
user-0006,0006,0x64f27fd246d381881942684b2bd3fa5095fbc118,0x64f27fd246D381881942684b2bd3Fa5095Fbc118
user-0007,0007,0x9cfa3e9738f3b6beefa9b293718f735803074765,0x9cfa3E9738F3b6bEEfA9B293718f735803074765
user-0008,0008,0x175aaf6f82bd576a762bd0ee21dc9b009299ffce,0x175AaF6f82Bd576a762bd0ee21Dc9B009299FFce
user-0009,0009,0x6fe938bfd19422e600f0f98b9272f5717e2d98fb,0x6Fe938bFD19422e600f0f98b9272f5717e2d98fb
user-0010,0010,0x0f02fdc73c5f95f8a31f4cce701993503075c6b6,0x0F02Fdc73C5f95f8A31f4ccE701993503075c6b6
